leagueoflegends,teamredditteams,1u4nrps,2013-12-31 16:39:58,1,"345.0,298.0,0.75652173913,0.0173913043478,0.0869565217391,0.150724637681,0.0753623188406,57.0,53.0,10.0,4.78947368421,15.0,0.315789473684,1.0,1.0,345.0,57.0,35.5778947368,0.073,0.08,0.1748,0.3448275862068966,0.05172413793103448,0.034482758620689655,0.0,0.034482758620689655,0.0,0.0,0.0,0.017241379310344827,0.05172413793103448,0.10344827586206896,0.05172413793103448,0.0,0.10344827586206896,0.0,0.034482758620689655,0.034482758620689655,0.06896551724137931,0.017241379310344827,0.034482758620689655,0.0,0.0,0.10344827586206896,0.0,0.0,0.0,0.05172413793103448,0.017241379310344827,0.034482758620689655,0.0,0.0,0.017241379310344827,0.1896551724137931,0.034482758620689655,0.0,0.034482758620689655,0.034482758620689655,0.0,0.0,0.06896551724137931,0.05172413793103448,0.034482758620689655,0.034482758620689655,0.0,0.0,0.017241379310344827,0.017241379310344827,0.0,0.0,0.0,0.06896551724137931,0.017241379310344827,0.05172413793103448,0.0,0.05172413793103448,0.06896551724137931,0.034482758620689655,0.0,0.0,0.0,0.0,0.0,0.0,0.0,0.0"
theredlion,soccer,1u4qkd,2013-12-31 18:18:37,-1,"101.0,98.0,0.742574257426,0.019801980198,0.049504950495,0.0594059405941,0.178217821782,14.0,14.0,2.0,5.71428571429,1.0,0.0714285714286,2.0,0.0,49.5,7.0,16.0492857143,0.472,0.0,0.5538,0.06666666666666667,0.06666666666666667,0.06666666666666667,0.06666666666666667,0.0,0.0,0.0,0.0,0.0,0.0,0.06666666666666667,0.0,0.0,0.06666666666666667,0.0,0.0,0.0,0.0,0.0,0.0,0.0,0.0,0.13333333333333333,0.0,0.0,0.0,0.0,0.0,0.0,0.0,0.0,0.0,0.06666666666666667,0.0,0.0,0.06666666666666667,0.0,0.0,0.0,0.0,0.0,0.0,0.0,0.0,0.0,0.06666666666666667,0.06666666666666667,0.0,0.0,0.0,0.0,0.0,0.0,0.0,0.06666666666666667,0.0,0.06666666666666667,0.0,0.0,0.0,0.0,0.0,0.0,0.0,0.0"
inlandempire,bikela,1u4qlzs,2014-01-01 14:54:35,1,"85.0,85.0,0.752941176471,0.0235294117647,0.0823529411765,0.0117647058824,0.211764705882,10.0,10.0,2.0,7.2,0.0,0.0,1.0,0.0,85.0,10.0,23.605,0.0,0.0,0.0,0.0,0.0,0.0,0.0,0.0,0.0,0.0,0.0,0.0,0.0,0.0,0.0,0.0,0.0,0.0,0.0,0.0,0.0,0.0,0.0,0.0,0.0,0.09090909090909091,0.0,0.0,0.0,0.0,0.0,0.0,0.0,0.0,0.0,0.0,0.0,0.0,0.0,0.0,0.0,0.0,0.0,0.0,0.0,0.0,0.0,0.0,0.09090909090909091,0.09090909090909091,0.0,0.0,0.0,0.0,0.0,0.0,0.0,0.09090909090909091,0.0,0.0,0.0,0.0,0.0,0.0,0.0,0.0,0.0,0.0"
nfl,cfb,1u4sjvs,2013-12-31 17:37:55,1,"1124.0,949.0,0.772241992883,0.0017793594306,0.0578291814947,0.179715302491,0.0462633451957,191.0,125.0,34.0,4.62303664921,36.0,0.366492146597,15.0,9.0,73.2,12.7333333333,12.6541535777,0.153,0.026,0.9672,0.5260416666666666,0.109375,0.041666666666666664,0.03125,0.0,0.005208333333333333,0.010416666666666666,0.0,0.06770833333333333,0.057291666666666664,0.15104166666666666,0.09895833333333333,0.015625,0.08333333333333333,0.036458333333333336,0.052083333333333336,0.109375,0.052083333333333336,0.010416666666666666,0.046875,0.005208333333333333,0.0,0.06770833333333333,0.010416666666666666,0.0,0.0,0.052083333333333336,0.041666666666666664,0.010416666666666666,0.010416666666666666,0.0,0.0,0.203125,0.046875,0.0,0.036458333333333336,0.046875,0.015625,0.005208333333333333,0.036458333333333336,0.03125,0.015625,0.010416666666666666,0.0,0.0,0.005208333333333333,0.005208333333333333,0.0,0.0,0.0,0.10416666666666667,0.015625,0.052083333333333336,0.036458333333333336,0.026041666666666668,0.03125,0.020833333333333332,0.0,0.0,0.0,0.0,0.0,0.0,0.020833333333333332,0.005208333333333333"
playmygame,gamedev,1u4w5ss,2014-01-01 02:51:13,1,"715.0,622.0,0.777622377622,0.00699300699301,0.0251748251748,0.145454545455,0.0699300699301,119.0,92.0,22.0,4.80672268908,24.0,0.361344537815,6.0,4.0,117.666666667,19.8333333333,16.7862464986,0.139,0.039,0.8906,0.38333333333333336,0.06666666666666667,0.03333333333333333,0.03333333333333333,0.0,0.0,0.0,0.0,0.03333333333333333,0.06666666666666667,0.075,0.05,0.03333333333333333,0.03333333333333333,0.0,0.041666666666666664,0.075,0.08333333333333333,0.0,0.025,0.0,0.0,0.075,0.0,0.0,0.008333333333333333,0.05,0.03333333333333333,0.016666666666666666,0.0,0.008333333333333333,0.0,0.13333333333333333,0.03333333333333333,0.0,0.008333333333333333,0.025,0.0,0.0,0.06666666666666667,0.008333333333333333,0.025,0.016666666666666666,0.008333333333333333,0.0,0.008333333333333333,0.008333333333333333,0.0,0.0,0.0,0.058333333333333334,0.0,0.025,0.041666666666666664,0.05,0.016666666666666666,0.025,0.0,0.0,0.0,0.0,0.0,0.0,0.0,0.008333333333333333"
dogemarket,dogecoin,1u4w7bs,2013-12-31 18:35:44,1,"1328.0,1110.0,0.768825301205,0.0143072289157,0.0753012048193,0.180722891566,0.0361445783133,234.0,160.0,39.0,4.49572649573,34.0,0.354700854701,13.0,8.0,100.230769231,18.0,14.3002564103,0.1,0.008,0.9323,0.4851063829787234,0.11063829787234042,0.08085106382978724,0.04680851063829787,0.00425531914893617,0.029787234042553193,0.0,0.0,0.029787234042553193,0.05531914893617021,0.09787234042553192,0.05531914893617021,0.00425531914893617,0.07234042553191489,0.00851063829787234,0.04680851063829787,0.13617021276595745,0.07659574468085106,0.00851063829787234,0.01276595744680851,0.00425531914893617,0.0,0.11914893617021277,0.0,0.00425531914893617,0.00851063829787234,0.0425531914893617,0.03829787234042553,0.0,0.0,0.0,0.0,0.14468085106382977,0.01276595744680851,0.00851063829787234,0.03829787234042553,0.029787234042553193,0.00425531914893617,0.00425531914893617,0.0425531914893617,0.03404255319148936,0.00425531914893617,0.0,0.0,0.0,0.00425531914893617,0.00425531914893617,0.0,0.0,0.0,0.0851063829787234,0.00851063829787234,0.03829787234042553,0.02553191489361702,0.03829787234042553,0.01702127659574468,0.0,0.00851063829787234,0.01276595744680851,0.0,0.0,0.0,0.0,0.0,0.0"
locationbot,legaladvice,1u4wfes,2014-01-07 20:17:41,1,"184.0,172.0,0.744565217391,0.0326086956522,0.0380434782609,0.0815217391304,0.141304347826,23.0,23.0,5.0,6.5652173913,4.0,0.173913043478,1.0,1.0,184.0,23.0,27.75,0.0,0.0,0.0,0.2916666666666667,0.041666666666666664,0.041666666666666664,0.041666666666666664,0.0,0.0,0.0,0.0,0.0,0.08333333333333333,0.041666666666666664,0.0,0.041666666666666664,0.0,0.0,0.08333333333333333,0.041666666666666664,0.041666666666666664,0.0,0.0,0.0,0.0,0.041666666666666664,0.0,0.0,0.0,0.0,0.0,0.0,0.0,0.0,0.0,0.16666666666666666,0.041666666666666664,0.0,0.0,0.041666666666666664,0.0,0.0,0.0,0.041666666666666664,0.041666666666666664,0.041666666666666664,0.0,0.0,0.041666666666666664,0.041666666666666664,0.0,0.0,0.0,0.08333333333333333,0.0,0.0,0.08333333333333333,0.08333333333333333,0.0,0.0,0.0,0.0,0.0,0.0,0.0,0.0,0.0,0.0"
indiefied,aww,1u50pos,2014-03-03 17:00:35,1,"295.0,256.0,0.749152542373,0.0203389830508,0.0271186440678,0.142372881356,0.0881355932203,51.0,48.0,7.0,4.66666666667,18.0,0.411764705882,4.0,2.0,72.75,12.75,12.1891176471,0.297,0.0,0.9175,0.46153846153846156,0.11538461538461539,0.057692307692307696,0.038461538461538464,0.0,0.019230769230769232,0.0,0.0,0.057692307692307696,0.057692307692307696,0.09615384615384616,0.057692307692307696,0.038461538461538464,0.057692307692307696,0.0,0.038461538461538464,0.1346153846153846,0.057692307692307696,0.0,0.0,0.019230769230769232,0.0,0.038461538461538464,0.0,0.0,0.0,0.07692307692307693,0.07692307692307693,0.0,0.0,0.0,0.0,0.057692307692307696,0.0,0.0,0.038461538461538464,0.038461538461538464,0.0,0.0,0.019230769230769232,0.0,0.019230769230769232,0.0,0.019230769230769232,0.0,0.019230769230769232,0.019230769230769232,0.0,0.0,0.0,0.07692307692307693,0.0,0.057692307692307696,0.038461538461538464,0.019230769230769232,0.019230769230769232,0.019230769230769232,0.038461538461538464,0.0,0.0,0.0,0.019230769230769232,0.0,0.0,0.019230769230769232"
posthardcore,bestof2013,1u5ccus,2013-12-31 23:16:20,1,"3927.0,3488.0,0.719887955182,0.0229182582124,0.0825057295646,0.145148968678,0.112044817927,612.0,248.0,111.0,4.82189542484,40.0,0.245098039216,12.0,11.0,326.416666667,51.0,34.2925,0.14,0.022,0.9948,0.32137030995106036,0.0701468189233279,0.03262642740619902,0.009787928221859706,0.01468189233278956,0.004893964110929853,0.0,0.0032626427406199023,0.037520391517128875,0.0734094616639478,0.037520391517128875,0.01468189233278956,0.01468189233278956,0.022838499184339316,0.0,0.01957585644371941,0.10929853181076672,0.022838499184339316,0.0016313213703099511,0.01794453507340946,0.0,0.0,0.08156606851549755,0.0,0.0,0.004893964110929853,0.06199021207177814,0.05546492659053834,0.004893964110929853,0.0016313213703099511,0.0032626427406199023,0.0,0.0766721044045677,0.01468189233278956,0.0065252854812398045,0.0032626427406199023,0.01468189233278956,0.0032626427406199023,0.0,0.03099510603588907,0.004893964110929853,0.04404567699836868,0.021207177814029365,0.011419249592169658,0.011419249592169658,0.009787928221859706,0.009787928221859706,0.0,0.0,0.0,0.1370309951060359,0.03915171288743882,0.053833605220228384,0.04730831973898858,0.022838499184339316,0.02936378466557912,0.05546492659053834,0.004893964110929853,0.0016313213703099511,0.0016313213703099511,0.0032626427406199023,0.0016313213703099511,0.0016313213703099511,0.0016313213703099511,0.009787928221859706"
posthardcore,corejerk,1u5ccus,2013-12-31 23:16:20,1,"3927.0,3488.0,0.719887955182,0.0229182582124,0.0825057295646,0.145148968678,0.112044817927,612.0,248.0,111.0,4.82189542484,40.0,0.245098039216,12.0,11.0,326.416666667,51.0,34.2925,0.14,0.022,0.9948,0.32137030995106036,0.0701468189233279,0.03262642740619902,0.009787928221859706,0.01468189233278956,0.004893964110929853,0.0,0.0032626427406199023,0.037520391517128875,0.0734094616639478,0.037520391517128875,0.01468189233278956,0.01468189233278956,0.022838499184339316,0.0,0.01957585644371941,0.10929853181076672,0.022838499184339316,0.0016313213703099511,0.01794453507340946,0.0,0.0,0.08156606851549755,0.0,0.0,0.004893964110929853,0.06199021207177814,0.05546492659053834,0.004893964110929853,0.0016313213703099511,0.0032626427406199023,0.0,0.0766721044045677,0.01468189233278956,0.0065252854812398045,0.0032626427406199023,0.01468189233278956,0.0032626427406199023,0.0,0.03099510603588907,0.004893964110929853,0.04404567699836868,0.021207177814029365,0.011419249592169658,0.011419249592169658,0.009787928221859706,0.009787928221859706,0.0,0.0,0.0,0.1370309951060359,0.03915171288743882,0.053833605220228384,0.04730831973898858,0.022838499184339316,0.02936378466557912,0.05546492659053834,0.004893964110929853,0.0016313213703099511,0.0016313213703099511,0.0032626427406199023,0.0016313213703099511,0.0016313213703099511,0.0016313213703099511,0.009787928221859706"
gfycat,india,1u5df2s,2013-12-31 22:27:50,1,"2849.0,2467.0,0.704106704107,0.00737100737101,0.03861003861,0.16497016497,0.123552123552,425.0,270.0,93.0,4.82352941176,43.0,0.230588235294,21.0,12.0,134.380952381,20.2380952381,20.2626711485,0.11,0.013,0.9892,0.2981220657276995,0.035211267605633804,0.02112676056338028,0.014084507042253521,0.0,0.004694835680751174,0.0,0.002347417840375587,0.014084507042253521,0.04460093896713615,0.056338028169014086,0.035211267605633804,0.014084507042253521,0.03755868544600939,0.002347417840375587,0.023474178403755867,0.09389671361502347,0.046948356807511735,0.009389671361502348,0.025821596244131457,0.002347417840375587,0.0,0.06572769953051644,0.0,0.025821596244131457,0.0,0.023474178403755867,0.023474178403755867,0.0,0.0,0.0,0.0,0.12441314553990611,0.028169014084507043,0.009389671361502348,0.007042253521126761,0.018779342723004695,0.004694835680751174,0.014084507042253521,0.03286384976525822,0.03051643192488263,0.011737089201877934,0.007042253521126761,0.0,0.002347417840375587,0.007042253521126761,0.004694835680751174,0.0,0.0,0.002347417840375587,0.08215962441314555,0.007042253521126761,0.04225352112676056,0.028169014084507043,0.03051643192488263,0.014084507042253521,0.011737089201877934,0.0,0.007042253521126761,0.0,0.0,0.0,0.0,0.004694835680751174,0.002347417840375587"
metalcore,bestof2013,1u5iets,2014-01-01 04:15:54,1,"3455.0,3095.0,0.709406657019,0.027496382055,0.0738060781476,0.142112879884,0.120984081042,529.0,231.0,105.0,4.86578449905,39.0,0.23629489603,11.0,10.0,313.181818182,48.0909090909,33.3773638082,0.139,0.061,0.987,0.29056603773584905,0.06792452830188679,0.035849056603773584,0.01509433962264151,0.013207547169811321,0.005660377358490566,0.0,0.0018867924528301887,0.03207547169811321,0.06415094339622641,0.04905660377358491,0.013207547169811321,0.01509433962264151,0.03207547169811321,0.0,0.016981132075471698,0.09811320754716982,0.024528301886792454,0.0,0.013207547169811321,0.0,0.0,0.07169811320754717,0.0,0.0,0.0,0.07358490566037736,0.0509433962264151,0.020754716981132074,0.0,0.009433962264150943,0.0037735849056603774,0.06037735849056604,0.009433962264150943,0.005660377358490566,0.005660377358490566,0.005660377358490566,0.0037735849056603774,0.0,0.03207547169811321,0.0018867924528301887,0.03962264150943396,0.033962264150943396,0.005660377358490566,0.0,0.005660377358490566,0.005660377358490566,0.0,0.0,0.0,0.12075471698113208,0.022641509433962263,0.06037735849056604,0.033962264150943396,0.024528301886792454,0.03207547169811321,0.03018867924528302,0.0,0.0018867924528301887,0.011320754716981131,0.0037735849056603774,0.0018867924528301887,0.0,0.0018867924528301887,0.0"
metalcore,corejerk,1u5iets,2014-01-01 04:15:54,1,"3455.0,3095.0,0.709406657019,0.027496382055,0.0738060781476,0.142112879884,0.120984081042,529.0,231.0,105.0,4.86578449905,39.0,0.23629489603,11.0,10.0,313.181818182,48.0909090909,33.3773638082,0.139,0.061,0.987,0.29056603773584905,0.06792452830188679,0.035849056603773584,0.01509433962264151,0.013207547169811321,0.005660377358490566,0.0,0.0018867924528301887,0.03207547169811321,0.06415094339622641,0.04905660377358491,0.013207547169811321,0.01509433962264151,0.03207547169811321,0.0,0.016981132075471698,0.09811320754716982,0.024528301886792454,0.0,0.013207547169811321,0.0,0.0,0.07169811320754717,0.0,0.0,0.0,0.07358490566037736,0.0509433962264151,0.020754716981132074,0.0,0.009433962264150943,0.0037735849056603774,0.06037735849056604,0.009433962264150943,0.005660377358490566,0.005660377358490566,0.005660377358490566,0.0037735849056603774,0.0,0.03207547169811321,0.0018867924528301887,0.03962264150943396,0.033962264150943396,0.005660377358490566,0.0,0.005660377358490566,0.005660377358490566,0.0,0.0,0.0,0.12075471698113208,0.022641509433962263,0.06037735849056604,0.033962264150943396,0.024528301886792454,0.03207547169811321,0.03018867924528302,0.0,0.0018867924528301887,0.011320754716981131,0.0037735849056603774,0.0018867924528301887,0.0,0.0018867924528301887,0.0"
suicidewatch,offmychest,1u5k33s,2014-01-01 03:01:53,1,"183.0,162.0,0.75956284153,0.0109289617486,0.0382513661202,0.131147540984,0.0983606557377,32.0,31.0,4.0,4.5,7.0,0.25,2.0,1.0,91.0,16.0,13.5053125,0.121,0.231,-0.5008,0.3939393939393939,0.12121212121212122,0.09090909090909091,0.030303030303030304,0.0,0.030303030303030304,0.0,0.030303030303030304,0.030303030303030304,0.0,0.15151515151515152,0.06060606060606061,0.0,0.09090909090909091,0.030303030303030304,0.06060606060606061,0.09090909090909091,0.06060606060606061,0.030303030303030304,0.0,0.0,0.0,0.21212121212121213,0.0,0.0,0.06060606060606061,0.06060606060606061,0.030303030303030304,0.030303030303030304,0.0,0.030303030303030304,0.0,0.15151515151515152,0.0,0.0,0.06060606060606061,0.030303030303030304,0.0,0.0,0.0,0.06060606060606061,0.030303030303030304,0.030303030303030304,0.0,0.0,0.030303030303030304,0.030303030303030304,0.0,0.0,0.0,0.06060606060606061,0.030303030303030304,0.030303030303030304,0.0,0.030303030303030304,0.0,0.0,0.0,0.0,0.0,0.0,0.0,0.0,0.0,0.0"
dogecoin,novacoin,1u5olgs,2014-01-01 05:58:10,1,"2853.0,2585.0,0.778478794252,0.0378548895899,0.0907816333684,0.112863652296,0.0708026638626,402.0,224.0,108.0,5.79850746269,29.0,0.186567164179,20.0,11.0,141.2,20.1,22.0469402985,0.149,0.018,0.9894,0.2630272952853598,0.04218362282878412,0.017369727047146403,0.009925558312655087,0.0,0.007444168734491315,0.0,0.0,0.02481389578163772,0.019851116625310174,0.09429280397022333,0.06451612903225806,0.009925558312655087,0.03225806451612903,0.02729528535980149,0.017369727047146403,0.08188585607940446,0.02481389578163772,0.0024813895781637717,0.017369727047146403,0.0,0.0,0.03722084367245657,0.0,0.0,0.0024813895781637717,0.04218362282878412,0.03722084367245657,0.004962779156327543,0.0,0.0,0.0,0.12655086848635236,0.01488833746898263,0.02729528535980149,0.034739454094292806,0.01488833746898263,0.007444168734491315,0.0,0.02977667493796526,0.01240694789081886,0.01240694789081886,0.0024813895781637717,0.0,0.004962779156327543,0.0024813895781637717,0.0024813895781637717,0.0,0.0,0.0,0.09181141439205956,0.019851116625310174,0.04218362282878412,0.02977667493796526,0.03722084367245657,0.01240694789081886,0.0024813895781637717,0.0024813895781637717,0.04466501240694789,0.0,0.0024813895781637717,0.0024813895781637717,0.0,0.0,0.0"
gaming4gamers,fallout,1u5q84s,2014-01-01 06:55:04,1,"102.0,102.0,0.803921568627,0.0294117647059,0.0490196078431,0.00980392156863,0.156862745098,10.0,10.0,3.0,8.9,0.0,0.0,1.0,0.0,102.0,10.0,31.612,0.0,0.0,0.0,0.0,0.0,0.0,0.0,0.0,0.0,0.0,0.0,0.0,0.0,0.0,0.0,0.0,0.0,0.0,0.0,0.0,0.0,0.0,0.0,0.0,0.0,0.09090909090909091,0.0,0.0,0.0,0.0,0.0,0.0,0.0,0.0,0.0,0.0,0.0,0.0,0.0,0.0,0.0,0.0,0.0,0.0,0.0,0.0,0.0,0.0,0.09090909090909091,0.09090909090909091,0.0,0.0,0.0,0.0,0.0,0.0,0.0,0.09090909090909091,0.0,0.0,0.0,0.0,0.0,0.0,0.0,0.0,0.0,0.0"
kpop,dota2,1u5qg2s,2014-01-01 07:05:10,1,"1050.0,938.0,0.705714285714,0.0419047619048,0.0485714285714,0.11619047619,0.13619047619,165.0,105.0,48.0,4.83636363636,27.0,0.254545454545,14.0,10.0,74.0,11.7857142857,14.4355844156,0.133,0.018,0.9136,0.30120481927710846,0.07228915662650602,0.060240963855421686,0.024096385542168676,0.0,0.024096385542168676,0.0,0.012048192771084338,0.012048192771084338,0.03614457831325301,0.08433734939759036,0.024096385542168676,0.012048192771084338,0.06626506024096386,0.0,0.024096385542168676,0.08433734939759036,0.04819277108433735,0.006024096385542169,0.030120481927710843,0.0,0.0,0.04819277108433735,0.0,0.0,0.006024096385542169,0.030120481927710843,0.024096385542168676,0.006024096385542169,0.0,0.0,0.006024096385542169,0.07228915662650602,0.006024096385542169,0.012048192771084338,0.018072289156626505,0.024096385542168676,0.012048192771084338,0.0,0.018072289156626505,0.012048192771084338,0.006024096385542169,0.006024096385542169,0.0,0.0,0.006024096385542169,0.006024096385542169,0.0,0.0,0.0,0.04216867469879518,0.006024096385542169,0.006024096385542169,0.030120481927710843,0.05421686746987952,0.0,0.0,0.0,0.012048192771084338,0.0,0.0,0.0,0.0,0.0,0.0"
airsoft,airsoftmarket,1u5r7js,2014-01-01 07:09:16,1,"3788.0,3206.0,0.737856388596,0.0145195353749,0.0691657866948,0.185322069694,0.0623020063358,655.0,378.0,112.0,4.3786259542,62.0,0.32213740458,27.0,21.0,138.555555556,24.2592592593,17.938530393,0.121,0.072,0.9891,0.43140243902439024,0.10213414634146341,0.05030487804878049,0.04878048780487805,0.0,0.001524390243902439,0.0,0.0,0.051829268292682924,0.053353658536585365,0.07164634146341463,0.04420731707317073,0.018292682926829267,0.038109756097560975,0.010670731707317074,0.038109756097560975,0.11128048780487805,0.04878048780487805,0.01524390243902439,0.038109756097560975,0.007621951219512195,0.003048780487804878,0.022865853658536585,0.0,0.0,0.0,0.05030487804878049,0.03048780487804878,0.019817073170731708,0.003048780487804878,0.009146341463414634,0.004573170731707317,0.12042682926829268,0.009146341463414634,0.013719512195121951,0.009146341463414634,0.025914634146341462,0.012195121951219513,0.012195121951219513,0.019817073170731708,0.027439024390243903,0.022865853658536585,0.010670731707317074,0.004573170731707317,0.003048780487804878,0.012195121951219513,0.009146341463414634,0.001524390243902439,0.001524390243902439,0.0,0.09603658536585366,0.007621951219512195,0.053353658536585365,0.03353658536585366,0.027439024390243903,0.010670731707317074,0.004573170731707317,0.0,0.012195121951219513,0.003048780487804878,0.003048780487804878,0.0,0.003048780487804878,0.001524390243902439,0.004573170731707317"
circlebroke,childfree,1u5rs9s,2014-01-01 06:51:30,1,"1007.0,871.0,0.781529294935,0.00794438927507,0.0188679245283,0.14498510427,0.0655412115194,160.0,122.0,37.0,5.125,29.0,0.30625,8.0,7.0,124.75,20.0,18.2135625,0.16,0.096,0.6903,0.40372670807453415,0.07453416149068323,0.037267080745341616,0.012422360248447204,0.0,0.0,0.037267080745341616,0.0,0.037267080745341616,0.09316770186335403,0.08074534161490683,0.024844720496894408,0.006211180124223602,0.06832298136645963,0.0,0.043478260869565216,0.09316770186335403,0.043478260869565216,0.012422360248447204,0.037267080745341616,0.0,0.006211180124223602,0.13664596273291926,0.006211180124223602,0.0,0.037267080745341616,0.06832298136645963,0.043478260869565216,0.024844720496894408,0.0,0.012422360248447204,0.006211180124223602,0.11801242236024845,0.018633540372670808,0.018633540372670808,0.006211180124223602,0.018633540372670808,0.012422360248447204,0.0,0.031055900621118012,0.018633540372670808,0.018633540372670808,0.012422360248447204,0.006211180124223602,0.0,0.024844720496894408,0.006211180124223602,0.012422360248447204,0.006211180124223602,0.0,0.08074534161490683,0.006211180124223602,0.037267080745341616,0.049689440993788817,0.012422360248447204,0.018633540372670808,0.0,0.0,0.0,0.0,0.0,0.0,0.012422360248447204,0.0,0.018633540372670808"
tribes,games,1u5syks,2014-01-01 09:06:30,1,"1316.0,1108.0,0.788753799392,0.00303951367781,0.0250759878419,0.16641337386,0.0417933130699,228.0,159.0,48.0,4.61403508772,45.0,0.416666666667,11.0,7.0,118.545454545,20.7272727273,16.1194258373,0.08,0.101,-0.8319,0.537117903930131,0.13100436681222707,0.043668122270742356,0.026200873362445413,0.008733624454148471,0.008733624454148471,0.008733624454148471,0.0,0.08733624454148471,0.07860262008733625,0.1222707423580786,0.08296943231441048,0.034934497816593885,0.06550218340611354,0.008733624454148471,0.05240174672489083,0.13537117903930132,0.043668122270742356,0.004366812227074236,0.043668122270742356,0.004366812227074236,0.0,0.07423580786026202,0.0,0.013100436681222707,0.004366812227074236,0.06986899563318777,0.043668122270742356,0.026200873362445413,0.013100436681222707,0.013100436681222707,0.0,0.18340611353711792,0.034934497816593885,0.008733624454148471,0.013100436681222707,0.026200873362445413,0.026200873362445413,0.0,0.05240174672489083,0.026200873362445413,0.013100436681222707,0.004366812227074236,0.0,0.0,0.004366812227074236,0.004366812227074236,0.0,0.0,0.0,0.09170305676855896,0.008733624454148471,0.048034934497816595,0.039301310043668124,0.013100436681222707,0.008733624454148471,0.017467248908296942,0.0,0.0,0.0,0.004366812227074236,0.0,0.0,0.004366812227074236,0.008733624454148471"
oldschoolcoolnsfw,pics,1u5t29s,2014-01-02 15:13:58,1,"148.0,146.0,0.736486486486,0.0202702702703,0.0540540540541,0.0337837837838,0.209459459459,18.0,16.0,3.0,6.72222222222,2.0,0.111111111111,1.0,1.0,148.0,18.0,26.2966666667,0.434,0.0,0.3182,0.10526315789473684,0.0,0.0,0.0,0.0,0.0,0.0,0.0,0.0,0.05263157894736842,0.0,0.0,0.0,0.0,0.0,0.05263157894736842,0.0,0.0,0.0,0.0,0.0,0.0,0.05263157894736842,0.0,0.0,0.0,0.05263157894736842,0.05263157894736842,0.0,0.0,0.0,0.0,0.0,0.0,0.0,0.0,0.0,0.0,0.0,0.0,0.0,0.0,0.0,0.0,0.0,0.05263157894736842,0.05263157894736842,0.0,0.0,0.0,0.0,0.0,0.0,0.0,0.10526315789473684,0.0,0.0,0.0,0.0,0.0,0.0,0.0,0.0,0.0,0.0"
jailbreak,flextweak,1u5vxys,2014-01-01 08:33:33,1,"115.0,110.0,0.713043478261,0.0173913043478,0.095652173913,0.0521739130435,0.217391304348,16.0,16.0,4.0,5.5,2.0,0.125,1.0,1.0,115.0,16.0,20.423125,0.0,0.0,0.0,0.23529411764705882,0.058823529411764705,0.0,0.0,0.0,0.0,0.0,0.0,0.058823529411764705,0.0,0.058823529411764705,0.0,0.0,0.058823529411764705,0.0,0.058823529411764705,0.058823529411764705,0.0,0.0,0.058823529411764705,0.0,0.0,0.058823529411764705,0.0,0.0,0.0,0.0,0.0,0.0,0.0,0.0,0.0,0.0,0.0,0.0,0.0,0.0,0.0,0.0,0.0,0.0,0.0,0.0,0.0,0.0,0.058823529411764705,0.058823529411764705,0.0,0.0,0.0,0.11764705882352941,0.0,0.11764705882352941,0.0,0.058823529411764705,0.0,0.0,0.0,0.0,0.0,0.0,0.0,0.0,0.0,0.0"
corejerk,bestof2013,1u5w42s,2014-01-01 04:58:04,1,"2735.0,2451.0,0.722120658135,0.0197440585009,0.0884826325411,0.139670932358,0.118464351005,413.0,95.0,51.0,4.96368038741,27.0,0.18401937046,5.0,4.0,546.4,82.6,51.0609200969,0.11,0.096,-0.2869,0.21256038647342995,0.021739130434782608,0.016908212560386472,0.0,0.00966183574879227,0.004830917874396135,0.0,0.0024154589371980675,0.004830917874396135,0.06521739130434782,0.012077294685990338,0.004830917874396135,0.007246376811594203,0.004830917874396135,0.0,0.012077294685990338,0.09178743961352658,0.012077294685990338,0.0,0.00966183574879227,0.0,0.0,0.06280193236714976,0.0,0.0,0.021739130434782608,0.04589371980676329,0.04589371980676329,0.0,0.0,0.0,0.0,0.07246376811594203,0.024154589371980676,0.0024154589371980675,0.0024154589371980675,0.0024154589371980675,0.0024154589371980675,0.0,0.03864734299516908,0.0,0.07004830917874397,0.024154589371980676,0.024154589371980676,0.021739130434782608,0.024154589371980676,0.024154589371980676,0.0,0.0,0.0,0.24396135265700483,0.16908212560386474,0.05555555555555555,0.014492753623188406,0.03140096618357488,0.024154589371980676,0.17149758454106281,0.0,0.0,0.0,0.021739130434782608,0.0,0.0,0.0024154589371980675,0.0"
iama,todayilearned,1u5yqfs,2014-01-01 09:09:40,1,"337.0,297.0,0.724035608309,0.0237388724036,0.0326409495549,0.145400593472,0.106824925816,56.0,41.0,7.0,4.66071428571,10.0,0.375,11.0,1.0,29.6363636364,5.09090909091,9.45956168831,0.0,0.0,0.0,0.45614035087719296,0.21052631578947367,0.12280701754385964,0.017543859649122806,0.0,0.10526315789473684,0.0,0.0,0.08771929824561403,0.017543859649122806,0.2631578947368421,0.15789473684210525,0.14035087719298245,0.10526315789473684,0.017543859649122806,0.03508771929824561,0.017543859649122806,0.07017543859649122,0.0,0.0,0.0,0.0,0.14035087719298245,0.0,0.0,0.0,0.0,0.0,0.0,0.0,0.0,0.0,0.12280701754385964,0.03508771929824561,0.05263157894736842,0.03508771929824561,0.03508771929824561,0.0,0.0,0.0,0.017543859649122806,0.0,0.0,0.0,0.0,0.017543859649122806,0.017543859649122806,0.0,0.0,0.0,0.12280701754385964,0.05263157894736842,0.0,0.07017543859649122,0.05263157894736842,0.0,0.0,0.0,0.0,0.0,0.0,0.0,0.0,0.0,0.0"
bandnames,books,1u62xgs,2014-01-01 10:14:40,1,"85.0,85.0,0.741176470588,0.0352941176471,0.0470588235294,0.0117647058824,0.211764705882,10.0,10.0,2.0,7.2,0.0,0.0,1.0,0.0,85.0,10.0,23.605,0.0,0.0,0.0,0.0,0.0,0.0,0.0,0.0,0.0,0.0,0.0,0.0,0.0,0.0,0.0,0.0,0.0,0.0,0.0,0.0,0.0,0.0,0.0,0.0,0.0,0.09090909090909091,0.0,0.0,0.0,0.0,0.0,0.0,0.0,0.0,0.0,0.0,0.0,0.0,0.0,0.0,0.0,0.0,0.0,0.0,0.0,0.0,0.0,0.0,0.09090909090909091,0.09090909090909091,0.0,0.0,0.0,0.0,0.0,0.0,0.0,0.18181818181818182,0.0,0.09090909090909091,0.0,0.0,0.0,0.0,0.0,0.0,0.0,0.0"
thedoctorstravels,hungergamesrp,1u638cs,2014-01-01 10:08:48,1,"201.0,181.0,0.766169154229,0.0149253731343,0.0597014925373,0.114427860697,0.10447761194,32.0,30.0,5.0,5.0625,6.0,0.25,1.0,1.0,201.0,32.0,24.1546875,0.103,0.178,-0.1685,0.30303030303030304,0.09090909090909091,0.030303030303030304,0.030303030303030304,0.0,0.0,0.0,0.0,0.06060606060606061,0.06060606060606061,0.09090909090909091,0.030303030303030304,0.06060606060606061,0.0,0.030303030303030304,0.030303030303030304,0.06060606060606061,0.0,0.030303030303030304,0.0,0.0,0.0,0.06060606060606061,0.0,0.0,0.0,0.030303030303030304,0.030303030303030304,0.0,0.0,0.0,0.0,0.09090909090909091,0.0,0.0,0.030303030303030304,0.0,0.030303030303030304,0.0,0.0,0.030303030303030304,0.0,0.0,0.0,0.0,0.030303030303030304,0.030303030303030304,0.0,0.0,0.0,0.18181818181818182,0.030303030303030304,0.09090909090909091,0.030303030303030304,0.030303030303030304,0.0,0.0,0.0,0.0,0.0,0.0,0.0,0.0,0.0,0.0"
politicaldiscussion,todayilearned,1u64d9s,2014-01-01 12:50:53,1,"232.0,213.0,0.771551724138,0.0172413793103,0.0258620689655,0.0862068965517,0.125,31.0,28.0,7.0,6.1935483871,9.0,0.322580645161,2.0,1.0,115.5,15.5,21.5690322581,0.158,0.0,0.4939,0.375,0.125,0.03125,0.03125,0.0,0.0,0.0,0.0,0.09375,0.0625,0.09375,0.0625,0.0625,0.03125,0.0,0.0,0.09375,0.0,0.0,0.03125,0.0,0.0,0.0625,0.0,0.0,0.0,0.03125,0.03125,0.0,0.0,0.0,0.0,0.0625,0.0625,0.0,0.0,0.0,0.0,0.0,0.0,0.0,0.03125,0.0,0.0,0.03125,0.03125,0.03125,0.0,0.0,0.0,0.09375,0.0,0.0,0.0625,0.03125,0.0,0.0,0.0,0.0,0.0,0.0,0.0,0.0,0.0,0.0"
uncomfortableqs,debatereligion,1u64jfs,2014-01-24 15:07:06,1,"127.0,125.0,0.787401574803,0.0157480314961,0.0708661417323,0.0236220472441,0.173228346457,13.0,13.0,4.0,8.30769230769,0.0,0.0,1.0,1.0,127.0,13.0,31.0830769231,0.0,0.0,0.0,0.0,0.0,0.0,0.0,0.0,0.0,0.0,0.0,0.0,0.0,0.0,0.0,0.0,0.0,0.0,0.0,0.0,0.0,0.0,0.0,0.0,0.0,0.07142857142857142,0.0,0.0,0.0,0.0,0.0,0.0,0.0,0.0,0.0,0.0,0.0,0.0,0.0,0.0,0.0,0.0,0.0,0.0,0.0,0.0,0.0,0.0,0.07142857142857142,0.07142857142857142,0.0,0.0,0.0,0.07142857142857142,0.0,0.0,0.0,0.07142857142857142,0.0,0.0,0.0,0.0,0.07142857142857142,0.0,0.0,0.0,0.0,0.0"
connecticut,ctbeer,1u64lgs,2014-01-01 09:59:45,1,"1007.0,895.0,0.735849056604,0.0297914597815,0.0734856007944,0.128103277061,0.106256206554,156.0,124.0,41.0,5.00641025641,16.0,0.147435897436,7.0,4.0,142.285714286,22.2857142857,20.116510989,0.124,0.0,0.9352,0.20382165605095542,0.03184713375796178,0.025477707006369428,0.0,0.006369426751592357,0.006369426751592357,0.0,0.012738853503184714,0.006369426751592357,0.01910828025477707,0.025477707006369428,0.012738853503184714,0.0,0.012738853503184714,0.006369426751592357,0.0,0.06369426751592357,0.044585987261146494,0.0,0.01910828025477707,0.012738853503184714,0.0,0.050955414012738856,0.0,0.0,0.0,0.03184713375796178,0.03184713375796178,0.0,0.0,0.0,0.0,0.07643312101910828,0.0,0.0,0.012738853503184714,0.03184713375796178,0.012738853503184714,0.0,0.03184713375796178,0.025477707006369428,0.025477707006369428,0.006369426751592357,0.012738853503184714,0.006369426751592357,0.012738853503184714,0.006369426751592357,0.0,0.0,0.006369426751592357,0.1910828025477707,0.01910828025477707,0.044585987261146494,0.11464968152866242,0.025477707006369428,0.0,0.05732484076433121,0.0,0.006369426751592357,0.0,0.0,0.006369426751592357,0.0,0.0,0.0"
metafitnesscirclejerk,fitnesscirclejerk,1u6b38s,2014-01-03 07:20:26,1,"162.0,149.0,0.777777777778,0.0123456790123,0.0432098765432,0.0987654320988,0.111111111111,23.0,23.0,4.0,5.73913043478,1.0,0.0434782608696,1.0,1.0,162.0,23.0,23.2447826087,0.311,0.133,0.4927,0.16666666666666666,0.041666666666666664,0.041666666666666664,0.041666666666666664,0.0,0.0,0.0,0.0,0.0,0.0,0.0,0.0,0.0,0.0,0.0,0.041666666666666664,0.0,0.0,0.0,0.08333333333333333,0.0,0.0,0.041666666666666664,0.0,0.0,0.0,0.125,0.08333333333333333,0.041666666666666664,0.0,0.041666666666666664,0.0,0.0,0.0,0.0,0.0,0.0,0.0,0.0,0.0,0.0,0.0,0.0,0.0,0.0,0.08333333333333333,0.08333333333333333,0.0,0.0,0.0,0.08333333333333333,0.0,0.0,0.08333333333333333,0.041666666666666664,0.0,0.0,0.0,0.0,0.0,0.0,0.0,0.0,0.0,0.0"
srssucks,funny,1u6bgis,2014-01-01 09:02:59,1,"479.0,450.0,0.686847599165,0.0668058455115,0.0334029227557,0.0793319415449,0.167014613779,71.0,42.0,11.0,5.28169014085,8.0,0.154929577465,2.0,1.0,238.5,35.5,28.095915493,0.0,0.0,0.0,0.2638888888888889,0.06944444444444445,0.027777777777777776,0.027777777777777776,0.0,0.0,0.0,0.0,0.041666666666666664,0.027777777777777776,0.041666666666666664,0.027777777777777776,0.0,0.013888888888888888,0.013888888888888888,0.013888888888888888,0.08333333333333333,0.0,0.0,0.041666666666666664,0.0,0.0,0.09722222222222222,0.0,0.0,0.041666666666666664,0.08333333333333333,0.041666666666666664,0.041666666666666664,0.0,0.0,0.0,0.05555555555555555,0.013888888888888888,0.0,0.013888888888888888,0.013888888888888888,0.013888888888888888,0.0,0.013888888888888888,0.0,0.013888888888888888,0.013888888888888888,0.0,0.0,0.041666666666666664,0.041666666666666664,0.0,0.0,0.0,0.027777777777777776,0.0,0.027777777777777776,0.0,0.05555555555555555,0.0,0.0,0.0,0.0,0.0,0.0,0.0,0.0,0.0,0.0"
thehiddenbar,writingprompts,1u6bofs,2014-01-06 21:35:04,1,"116.0,116.0,0.784482758621,0.0258620689655,0.051724137931,0.00862068965517,0.181034482759,11.0,11.0,4.0,9.36363636364,0.0,0.0,1.0,1.0,116.0,11.0,33.7390909091,0.0,0.0,0.0,0.0,0.0,0.0,0.0,0.0,0.0,0.0,0.0,0.0,0.0,0.0,0.0,0.0,0.0,0.0,0.0,0.0,0.0,0.0,0.0,0.0,0.0,0.08333333333333333,0.0,0.0,0.0,0.0,0.0,0.0,0.0,0.0,0.0,0.0,0.0,0.0,0.0,0.0,0.0,0.0,0.0,0.0,0.0,0.0,0.0,0.0,0.08333333333333333,0.08333333333333333,0.0,0.0,0.0,0.0,0.0,0.0,0.0,0.08333333333333333,0.0,0.0,0.0,0.0,0.0,0.0,0.0,0.0,0.0,0.0"
circlejerkcopypasta,askreddit,1u6chis,2014-01-01 15:18:05,1,"626.0,535.0,0.755591054313,0.0143769968051,0.0335463258786,0.153354632588,0.0766773162939,102.0,81.0,20.0,4.86274509804,20.0,0.294117647059,9.0,6.0,67.5555555556,11.3333333333,13.1431372549,0.201,0.045,0.9058,0.49514563106796117,0.13592233009708737,0.08737864077669903,0.07766990291262135,0.0,0.009708737864077669,0.0,0.0,0.04854368932038835,0.05825242718446602,0.10679611650485436,0.06796116504854369,0.08737864077669903,0.019417475728155338,0.0,0.07766990291262135,0.05825242718446602,0.038834951456310676,0.009708737864077669,0.05825242718446602,0.0,0.0,0.038834951456310676,0.0,0.0,0.009708737864077669,0.038834951456310676,0.038834951456310676,0.0,0.0,0.0,0.0,0.18446601941747573,0.0,0.0,0.0,0.04854368932038835,0.02912621359223301,0.019417475728155338,0.02912621359223301,0.04854368932038835,0.0,0.0,0.0,0.0,0.019417475728155338,0.019417475728155338,0.0,0.0,0.0,0.10679611650485436,0.04854368932038835,0.02912621359223301,0.02912621359223301,0.019417475728155338,0.009708737864077669,0.0,0.0,0.0,0.0,0.0,0.0,0.0,0.0,0.0"
karmaconspiracy,funny,1u6fz3,2014-01-01 12:44:19,-1,"186.0,182.0,0.741935483871,0.0376344086022,0.0322580645161,0.0376344086022,0.182795698925,21.0,14.0,5.0,7.33333333333,0.0,0.0,1.0,1.0,186.0,21.0,30.7871428571,0.434,0.0,0.3182,0.0,0.0,0.0,0.0,0.0,0.0,0.0,0.0,0.0,0.0,0.0,0.0,0.0,0.0,0.0,0.0,0.0,0.0,0.0,0.0,0.0,0.0,0.09090909090909091,0.0,0.0,0.0,0.13636363636363635,0.13636363636363635,0.0,0.0,0.0,0.0,0.0,0.0,0.0,0.0,0.0,0.0,0.0,0.0,0.0,0.0,0.0,0.0,0.0,0.045454545454545456,0.045454545454545456,0.0,0.0,0.0,0.045454545454545456,0.0,0.0,0.045454545454545456,0.09090909090909091,0.0,0.0,0.0,0.0,0.0,0.0,0.0,0.0,0.0,0.0"
denverbroncos,seahawks,1u6gp2s,2014-01-01 13:31:17,1,"839.0,688.0,0.747318235995,0.015494636472,0.0476758045292,0.183551847437,0.0536352800954,162.0,114.0,21.0,3.98765432099,25.0,0.376543209877,7.0,5.0,118.428571429,23.1428571429,14.5345767196,0.194,0.071,0.9776,0.4785276073619632,0.1411042944785276,0.09815950920245399,0.03067484662576687,0.024539877300613498,0.03680981595092025,0.0,0.006134969325153374,0.04294478527607362,0.0736196319018405,0.07975460122699386,0.018404907975460124,0.006134969325153374,0.06748466257668712,0.0,0.04294478527607362,0.12269938650306748,0.06748466257668712,0.0,0.024539877300613498,0.006134969325153374,0.0,0.1411042944785276,0.0,0.0,0.03067484662576687,0.06134969325153374,0.04294478527607362,0.018404907975460124,0.0,0.012269938650306749,0.006134969325153374,0.1656441717791411,0.012269938650306749,0.03067484662576687,0.024539877300613498,0.04294478527607362,0.012269938650306749,0.006134969325153374,0.06134969325153374,0.024539877300613498,0.024539877300613498,0.006134969325153374,0.018404907975460124,0.0,0.024539877300613498,0.006134969325153374,0.006134969325153374,0.012269938650306749,0.0,0.10429447852760736,0.03067484662576687,0.05521472392638037,0.012269938650306749,0.024539877300613498,0.024539877300613498,0.03067484662576687,0.0,0.006134969325153374,0.006134969325153374,0.0,0.006134969325153374,0.0,0.0,0.0"
askreddit,todayilearned,1u6icss,2014-01-01 13:20:12,1,"393.0,340.0,0.76844783715,0.0101781170483,0.027989821883,0.137404580153,0.0839694656489,64.0,53.0,11.0,4.953125,15.0,0.390625,2.0,2.0,196.5,32.0,23.49234375,0.062,0.093,0.2124,0.4461538461538462,0.1076923076923077,0.07692307692307693,0.0,0.06153846153846154,0.015384615384615385,0.0,0.0,0.03076923076923077,0.09230769230769231,0.09230769230769231,0.046153846153846156,0.0,0.09230769230769231,0.0,0.07692307692307693,0.046153846153846156,0.1076923076923077,0.0,0.046153846153846156,0.0,0.0,0.15384615384615385,0.0,0.0,0.015384615384615385,0.03076923076923077,0.015384615384615385,0.015384615384615385,0.0,0.015384615384615385,0.0,0.2153846153846154,0.06153846153846154,0.046153846153846156,0.0,0.0,0.03076923076923077,0.0,0.06153846153846154,0.015384615384615385,0.015384615384615385,0.0,0.0,0.015384615384615385,0.015384615384615385,0.015384615384615385,0.0,0.0,0.0,0.07692307692307693,0.015384615384615385,0.03076923076923077,0.03076923076923077,0.015384615384615385,0.0,0.0,0.0,0.0,0.0,0.0,0.0,0.0,0.0,0.0"
civcraft,leningrad,1u6iw5s,2014-01-01 14:01:28,1,"1096.0,930.0,0.797445255474,0.00547445255474,0.0255474452555,0.15602189781,0.0410583941606,181.0,129.0,54.0,4.8729281768,32.0,0.353591160221,9.0,9.0,120.555555556,20.1111111111,17.14577655,0.066,0.183,-0.9652,0.42857142857142855,0.08791208791208792,0.06043956043956044,0.03296703296703297,0.0,0.02197802197802198,0.0,0.005494505494505495,0.027472527472527472,0.054945054945054944,0.07692307692307693,0.04395604395604396,0.02197802197802198,0.038461538461538464,0.0,0.02197802197802198,0.14835164835164835,0.054945054945054944,0.005494505494505495,0.03296703296703297,0.0,0.0,0.09340659340659341,0.0,0.01098901098901099,0.02197802197802198,0.04945054945054945,0.02197802197802198,0.027472527472527472,0.016483516483516484,0.01098901098901099,0.0,0.12087912087912088,0.016483516483516484,0.01098901098901099,0.016483516483516484,0.01098901098901099,0.01098901098901099,0.005494505494505495,0.038461538461538464,0.01098901098901099,0.005494505494505495,0.0,0.005494505494505495,0.0,0.005494505494505495,0.005494505494505495,0.0,0.0,0.0,0.11538461538461539,0.01098901098901099,0.054945054945054944,0.04945054945054945,0.027472527472527472,0.016483516483516484,0.0,0.0,0.04945054945054945,0.005494505494505495,0.0,0.0,0.0,0.0,0.0"
gaybros,askreddit,1u6khds,2014-01-01 13:46:53,1,"115.0,113.0,0.765217391304,0.0260869565217,0.0608695652174,0.0260869565217,0.182608695652,13.0,13.0,4.0,7.30769230769,1.0,0.0769230769231,1.0,1.0,115.0,13.0,26.7353846154,0.0,0.0,0.0,0.07142857142857142,0.0,0.0,0.0,0.0,0.0,0.0,0.0,0.0,0.0,0.0,0.0,0.0,0.0,0.0,0.07142857142857142,0.0,0.0,0.0,0.0,0.0,0.0,0.07142857142857142,0.0,0.0,0.0,0.07142857142857142,0.07142857142857142,0.0,0.0,0.0,0.0,0.0,0.0,0.0,0.0,0.0,0.0,0.0,0.0,0.0,0.0,0.0,0.0,0.0,0.07142857142857142,0.07142857142857142,0.0,0.0,0.0,0.0,0.0,0.0,0.0,0.07142857142857142,0.0,0.0,0.0,0.0,0.0,0.0,0.0,0.0,0.0,0.0"
turntablists,vinyl,1u6m3os,2014-01-01 13:06:49,1,"1675.0,1416.0,0.782686567164,0.0131343283582,0.0340298507463,0.164776119403,0.0394029850746,290.0,188.0,59.0,4.60689655172,41.0,0.379310344828,9.0,9.0,184.888888889,32.2222222222,21.8854214559,0.143,0.028,0.9861,0.4845360824742268,0.1134020618556701,0.07216494845360824,0.05154639175257732,0.0,0.010309278350515464,0.0,0.010309278350515464,0.041237113402061855,0.09965635738831616,0.09278350515463918,0.058419243986254296,0.010309278350515464,0.06529209621993128,0.010309278350515464,0.037800687285223365,0.10309278350515463,0.044673539518900345,0.003436426116838488,0.030927835051546393,0.003436426116838488,0.0,0.041237113402061855,0.0,0.0,0.0,0.048109965635738834,0.041237113402061855,0.006872852233676976,0.0,0.0,0.003436426116838488,0.16838487972508592,0.024054982817869417,0.01718213058419244,0.030927835051546393,0.048109965635738834,0.003436426116838488,0.003436426116838488,0.041237113402061855,0.030927835051546393,0.03436426116838488,0.006872852233676976,0.01718213058419244,0.0,0.006872852233676976,0.003436426116838488,0.003436426116838488,0.0,0.0,0.10309278350515463,0.01718213058419244,0.044673539518900345,0.041237113402061855,0.01718213058419244,0.01718213058419244,0.006872852233676976,0.0,0.010309278350515464,0.0,0.0,0.0,0.0,0.0,0.006872852233676976"
minecraftbattles,minecraft,1u6orvs,2014-01-01 14:58:10,1,"2102.0,1789.0,0.742626070409,0.0209324452902,0.0261655566127,0.163653663178,0.0727878211227,355.0,212.0,60.0,4.58873239437,49.0,0.385915492958,17.0,12.0,122.411764706,20.8823529412,16.8996835128,0.184,0.036,0.9958,0.4859550561797753,0.08426966292134831,0.033707865168539325,0.016853932584269662,0.0028089887640449437,0.008426966292134831,0.0,0.0056179775280898875,0.05056179775280899,0.056179775280898875,0.09831460674157304,0.06741573033707865,0.008426966292134831,0.047752808988764044,0.016853932584269662,0.042134831460674156,0.15730337078651685,0.06179775280898876,0.011235955056179775,0.042134831460674156,0.0028089887640449437,0.0,0.06179775280898876,0.0,0.0,0.0056179775280898875,0.042134831460674156,0.042134831460674156,0.0,0.0,0.0,0.0,0.1404494382022472,0.019662921348314606,0.016853932584269662,0.019662921348314606,0.033707865168539325,0.028089887640449437,0.0,0.02247191011235955,0.03089887640449438,0.011235955056179775,0.0028089887640449437,0.0028089887640449437,0.008426966292134831,0.0028089887640449437,0.0028089887640449437,0.0,0.0,0.0,0.10674157303370786,0.016853932584269662,0.047752808988764044,0.042134831460674156,0.016853932584269662,0.02247191011235955,0.0,0.0,0.0028089887640449437,0.0,0.0,0.0056179775280898875,0.0056179775280898875,0.0028089887640449437,0.0"
highqualitygifs,bestof2013,1u6pq6s,2014-01-01 12:43:00,1,"1403.0,1331.0,0.700641482537,0.0306486101212,0.0969351389879,0.0762651461155,0.192444761226,178.0,85.0,46.0,5.89887640449,9.0,0.0842696629213,4.0,2.0,350.75,44.5,37.9443258427,0.261,0.0,0.9794,0.11731843575418995,0.05027932960893855,0.05027932960893855,0.0223463687150838,0.027932960893854747,0.0,0.0,0.0,0.0,0.01675977653631285,0.00558659217877095,0.00558659217877095,0.0,0.00558659217877095,0.0,0.0,0.0335195530726257,0.0,0.0,0.0111731843575419,0.0,0.0,0.07262569832402235,0.0,0.0,0.00558659217877095,0.07262569832402235,0.07262569832402235,0.0,0.0,0.0,0.0,0.07262569832402235,0.0446927374301676,0.00558659217877095,0.0,0.0111731843575419,0.00558659217877095,0.0,0.00558659217877095,0.0,0.00558659217877095,0.00558659217877095,0.0,0.0,0.0111731843575419,0.0111731843575419,0.0,0.0,0.0,0.0223463687150838,0.0,0.0111731843575419,0.00558659217877095,0.0670391061452514,0.07262569832402235,0.00558659217877095,0.0,0.0,0.0,0.0,0.0,0.0,0.0,0.0"
reactiongifs,bestof2013,1u6sw7s,2014-01-01 15:13:45,1,"1671.0,1568.0,0.719329742669,0.0221424296828,0.067025733094,0.0873728306403,0.171154997008,223.0,105.0,48.0,5.73094170404,20.0,0.14798206278,4.0,2.0,417.5,55.75,41.7383183857,0.33,0.0,0.9948,0.17857142857142858,0.05803571428571429,0.049107142857142856,0.026785714285714284,0.022321428571428572,0.0,0.0,0.0,0.008928571428571428,0.017857142857142856,0.017857142857142856,0.008928571428571428,0.004464285714285714,0.013392857142857142,0.0,0.004464285714285714,0.0625,0.013392857142857142,0.0,0.013392857142857142,0.0,0.0,0.05357142857142857,0.0,0.0,0.0,0.0625,0.0625,0.0,0.0,0.0,0.0,0.09821428571428571,0.022321428571428572,0.03571428571428571,0.0,0.013392857142857142,0.013392857142857142,0.0,0.008928571428571428,0.008928571428571428,0.0,0.0,0.0,0.0,0.004464285714285714,0.004464285714285714,0.0,0.0,0.0,0.11160714285714286,0.008928571428571428,0.07142857142857142,0.026785714285714284,0.05357142857142857,0.09375,0.008928571428571428,0.0,0.0,0.0,0.0,0.0,0.0,0.0,0.0"
badkarma,gamesell,1u6t4g,2014-01-01 16:42:14,-1,"262.0,258.0,0.725190839695,0.0381679389313,0.0267175572519,0.0572519083969,0.179389312977,32.0,24.0,8.0,6.6875,1.0,0.03125,1.0,1.0,262.0,32.0,33.133125,0.0,0.189,-0.2732,0.15151515151515152,0.12121212121212122,0.12121212121212122,0.06060606060606061,0.030303030303030304,0.0,0.030303030303030304,0.0,0.0,0.0,0.0,0.0,0.0,0.0,0.0,0.0,0.0,0.0,0.0,0.0,0.030303030303030304,0.0,0.18181818181818182,0.0,0.0,0.0,0.030303030303030304,0.0,0.030303030303030304,0.0,0.030303030303030304,0.0,0.0,0.0,0.0,0.0,0.0,0.0,0.0,0.0,0.0,0.030303030303030304,0.0,0.0,0.030303030303030304,0.030303030303030304,0.030303030303030304,0.0,0.0,0.0,0.030303030303030304,0.0,0.0,0.0,0.09090909090909091,0.0,0.030303030303030304,0.0,0.0,0.0,0.0,0.0,0.0,0.0,0.0"
civcraft,lifeprotips,1u6uixs,2014-01-01 16:12:28,1,"276.0,244.0,0.775362318841,0.0144927536232,0.036231884058,0.134057971014,0.0760869565217,42.0,39.0,8.0,5.33333333333,12.0,0.309523809524,2.0,2.0,136.5,21.0,20.0214285714,0.209,0.0,0.75,0.3488372093023256,0.11627906976744186,0.06976744186046512,0.046511627906976744,0.0,0.023255813953488372,0.0,0.0,0.046511627906976744,0.046511627906976744,0.09302325581395349,0.046511627906976744,0.0,0.06976744186046512,0.0,0.023255813953488372,0.11627906976744186,0.0,0.0,0.0,0.0,0.0,0.046511627906976744,0.0,0.0,0.0,0.023255813953488372,0.023255813953488372,0.0,0.0,0.0,0.0,0.06976744186046512,0.023255813953488372,0.0,0.0,0.023255813953488372,0.0,0.0,0.023255813953488372,0.0,0.0,0.0,0.0,0.0,0.023255813953488372,0.023255813953488372,0.0,0.0,0.0,0.09302325581395349,0.023255813953488372,0.046511627906976744,0.023255813953488372,0.11627906976744186,0.023255813953488372,0.0,0.0,0.023255813953488372,0.0,0.0,0.0,0.0,0.0,0.0"
writingprompts,pics,1u6vavs,2014-01-01 15:49:17,1,"151.0,149.0,0.735099337748,0.046357615894,0.0529801324503,0.0331125827815,0.185430463576,18.0,16.0,3.0,7.0,0.0,0.0,1.0,1.0,151.0,18.0,27.0816666667,0.0,0.0,0.0,0.0,0.0,0.0,0.0,0.0,0.0,0.0,0.0,0.0,0.0,0.0,0.0,0.0,0.0,0.0,0.0,0.0,0.0,0.0,0.0,0.0,0.0,0.05263157894736842,0.0,0.0,0.0,0.05263157894736842,0.05263157894736842,0.0,0.0,0.0,0.0,0.05263157894736842,0.0,0.05263157894736842,0.0,0.0,0.0,0.0,0.0,0.0,0.0,0.0,0.0,0.0,0.05263157894736842,0.05263157894736842,0.0,0.0,0.0,0.0,0.0,0.0,0.0,0.15789473684210525,0.0,0.0,0.0,0.05263157894736842,0.0,0.0,0.0,0.0,0.0,0.0"
bluebirds,soccer,1u6y0qs,2014-01-01 07:52:46,1,"223.0,215.0,0.704035874439,0.0582959641256,0.0538116591928,0.0582959641256,0.179372197309,30.0,25.0,4.0,5.93333333333,0.0,0.0,2.0,1.0,110.5,15.0,21.081,0.225,0.0,0.4404,0.03225806451612903,0.03225806451612903,0.03225806451612903,0.0,0.03225806451612903,0.0,0.0,0.0,0.0,0.0,0.03225806451612903,0.0,0.0,0.03225806451612903,0.0,0.0,0.0,0.0,0.0,0.0,0.0,0.0,0.06451612903225806,0.0,0.0,0.0,0.03225806451612903,0.03225806451612903,0.0,0.0,0.0,0.0,0.03225806451612903,0.0,0.0,0.03225806451612903,0.0,0.0,0.0,0.0,0.0,0.0,0.0,0.0,0.0,0.03225806451612903,0.03225806451612903,0.0,0.0,0.0,0.0,0.0,0.0,0.0,0.06451612903225806,0.03225806451612903,0.16129032258064516,0.0,0.0,0.0,0.0,0.0,0.0,0.0,0.0"
askanthropology,askhistorians,1u6yxos,2014-01-01 14:22:43,1,"334.0,302.0,0.799401197605,0.0059880239521,0.0389221556886,0.104790419162,0.0898203592814,45.0,44.0,12.0,6.15555555556,12.0,0.266666666667,4.0,1.0,82.75,11.25,19.1536666667,0.0,0.0,0.0,0.34782608695652173,0.021739130434782608,0.0,0.0,0.0,0.0,0.0,0.0,0.021739130434782608,0.043478260869565216,0.08695652173913043,0.08695652173913043,0.043478260869565216,0.021739130434782608,0.0,0.043478260869565216,0.15217391304347827,0.021739130434782608,0.0,0.021739130434782608,0.0,0.0,0.06521739130434782,0.0,0.0,0.0,0.0,0.0,0.0,0.0,0.0,0.0,0.06521739130434782,0.021739130434782608,0.021739130434782608,0.021739130434782608,0.0,0.0,0.0,0.0,0.0,0.0,0.0,0.0,0.0,0.021739130434782608,0.021739130434782608,0.0,0.0,0.0,0.15217391304347827,0.021739130434782608,0.06521739130434782,0.043478260869565216,0.043478260869565216,0.0,0.0,0.0,0.021739130434782608,0.0,0.0,0.0,0.0,0.0,0.0"
hailcorporate,firstworldanarchists,1u6zays,2014-01-01 12:19:58,1,"241.0,212.0,0.775933609959,0.0124481327801,0.0207468879668,0.132780082988,0.0788381742739,39.0,35.0,6.0,4.97435897436,11.0,0.384615384615,1.0,1.0,241.0,39.0,27.1753846154,0.091,0.0,0.4215,0.4,0.05,0.0,0.0,0.0,0.0,0.0,0.0,0.05,0.125,0.075,0.075,0.0,0.075,0.0,0.05,0.075,0.025,0.0,0.025,0.0,0.0,0.05,0.0,0.0,0.0,0.025,0.025,0.0,0.0,0.0,0.0,0.025,0.0,0.0,0.0,0.0,0.0,0.0,0.0,0.025,0.025,0.025,0.0,0.0,0.025,0.025,0.0,0.0,0.0,0.075,0.025,0.05,0.0,0.05,0.0,0.0,0.0,0.0,0.0,0.0,0.0,0.0,0.0,0.0"
badhistory,worldpolitics,1u6zefs,2014-01-01 18:22:33,1,"2796.0,2433.0,0.775751072961,0.0125178826896,0.0218168812589,0.138054363376,0.0736766809728,434.0,259.0,94.0,5.17511520737,52.0,0.308755760369,14.0,11.0,198.5,31.0,24.4136866359,0.08,0.189,-0.995,0.4160919540229885,0.08275862068965517,0.03218390804597701,0.009195402298850575,0.009195402298850575,0.004597701149425287,0.0022988505747126436,0.006896551724137931,0.05057471264367816,0.0735632183908046,0.0735632183908046,0.03218390804597701,0.027586206896551724,0.04367816091954023,0.0,0.041379310344827586,0.11724137931034483,0.04827586206896552,0.004597701149425287,0.04827586206896552,0.004597701149425287,0.0,0.06666666666666667,0.0,0.0,0.004597701149425287,0.03908045977011494,0.016091954022988506,0.022988505747126436,0.0,0.016091954022988506,0.0,0.12873563218390804,0.013793103448275862,0.011494252873563218,0.0022988505747126436,0.03218390804597701,0.020689655172413793,0.004597701149425287,0.029885057471264367,0.020689655172413793,0.006896551724137931,0.006896551724137931,0.0,0.0,0.006896551724137931,0.0022988505747126436,0.004597701149425287,0.0,0.0,0.12183908045977011,0.009195402298850575,0.07126436781609195,0.0367816091954023,0.02528735632183908,0.009195402298850575,0.004597701149425287,0.0,0.004597701149425287,0.013793103448275862,0.0022988505747126436,0.0,0.0,0.0,0.0"
jobs4dogecoins,dogecoin,1u6zlus,2014-01-02 00:24:54,1,"557.0,471.0,0.768402154399,0.00538599640934,0.0359066427289,0.156193895871,0.0700179533214,97.0,76.0,17.0,4.56701030928,21.0,0.39175257732,4.0,4.0,138.5,24.25,17.7410824742,0.239,0.0,0.9681,0.46938775510204084,0.08163265306122448,0.04081632653061224,0.02040816326530612,0.0,0.02040816326530612,0.0,0.0,0.04081632653061224,0.061224489795918366,0.12244897959183673,0.08163265306122448,0.01020408163265306,0.08163265306122448,0.01020408163265306,0.030612244897959183,0.10204081632653061,0.061224489795918366,0.01020408163265306,0.061224489795918366,0.0,0.0,0.061224489795918366,0.0,0.0,0.01020408163265306,0.07142857142857142,0.07142857142857142,0.0,0.0,0.0,0.0,0.15306122448979592,0.02040816326530612,0.0,0.02040816326530612,0.05102040816326531,0.0,0.0,0.02040816326530612,0.04081632653061224,0.02040816326530612,0.0,0.01020408163265306,0.0,0.02040816326530612,0.01020408163265306,0.0,0.01020408163265306,0.0,0.02040816326530612,0.0,0.01020408163265306,0.02040816326530612,0.030612244897959183,0.02040816326530612,0.02040816326530612,0.0,0.01020408163265306,0.0,0.0,0.0,0.0,0.0,0.01020408163265306"